--- COMP322: Introduction to Databases (Fall 2022) --------
--- Final exam lab: University Database Schema & Data -----
-----------------------------------------------------------
INSERT INTO univ_dept VALUES ('Biology', 'Bio2', '70000');
INSERT INTO univ_dept VALUES ('Computer Science', 'IT-5', '20000');
INSERT INTO univ_dept VALUES ('Electrical Engineering', 'IT-1', '90000');
INSERT INTO univ_dept VALUES ('Finance', 'IT-3', '110000');
INSERT INTO univ_dept VALUES ('History', 'IT-4', '43000');
INSERT INTO univ_dept VALUES ('Music', 'IT-3', '90000');
INSERT INTO univ_dept VALUES ('Physics', 'IT-2', '70000');
INSERT INTO univ_dept VALUES ('Data Science', 'IT-6', '80000');
INSERT INTO univ_dept VALUES ('AI', 'IT-7', '220000');

INSERT INTO course VALUES ('BIO-101', 'Intro. to Biology', 'Biology', '4');
INSERT INTO course VALUES ('BIO-301', 'Genetics', 'Biology', '4');
INSERT INTO course VALUES ('BIO-399', 'Computational Biology', 'Biology', '3');
INSERT INTO course VALUES ('CS-101', 'Intro. to Computer Science', 'Computer Science', '4'); 
INSERT INTO course VALUES ('CS-201', 'C Programming', 'Computer Science', '4');
INSERT INTO course VALUES ('CS-301', 'Java Programming', 'Computer Science', '4');
INSERT INTO course VALUES ('CS-190', 'Game Design', 'Computer Science', '3');
INSERT INTO course VALUES ('CS-315', 'Database Design', 'Computer Science', '3');
INSERT INTO course VALUES ('CS-319', 'Image Processing', 'Computer Science', '3');
INSERT INTO course VALUES ('CS-347', 'Database System Concepts', 'Computer Science', '3');
INSERT INTO course VALUES ('EE-181', 'Intro. to Digital Systems', 'Electrical Engineering', '4');
INSERT INTO course VALUES ('FIN-201', 'Investment Banking', 'Finance', '3');
INSERT INTO course VALUES ('HIS-351', 'World History', 'History', '3');
INSERT INTO course VALUES ('MU-199', 'Music Video Production', 'Music', '3');
INSERT INTO course VALUES ('PHY-101', 'Physical Principles', 'Physics', '3');
INSERT INTO course VALUES ('AI-101', 'Intro. to AI', 'AI', '3');
INSERT INTO course VALUES ('AI-201', 'Intro. to NLP', 'AI', '3');
INSERT INTO course VALUES ('AI-301', 'Reinforcement Learning', 'AI', '3');
INSERT INTO course VALUES ('AI-401', 'Medical Informatics', 'AI', '4');
INSERT INTO course VALUES ('AI-402', 'AI and Ethics', 'AI', '3');
INSERT INTO course VALUES ('DS-101', 'Intro. to Data Science', 'Data Science', '3');
INSERT INTO course VALUES ('DS-201', 'Data Mining', 'Data Science', '4');
INSERT INTO course VALUES ('DS-301', 'Time-series Data Analysis', 'Data Science', '3');
INSERT INTO course VALUES ('DS-401', 'Medial Data Analysis', 'Data Science', '4');
INSERT INTO course VALUES ('DS-402', 'Data Visualization', 'Data Science', '3');
INSERT INTO course VALUES ('CS-202', 'Python Programming', 'Computer Science', '4');

INSERT INTO instructor VALUES ('10101', 'Srinivasan', 'Computer Science', '80000');
INSERT INTO instructor VALUES ('12121', 'Wu', 'Finance', '70000');
INSERT INTO instructor VALUES ('15151', 'Mozart', 'Music', '50000');
INSERT INTO instructor VALUES ('22222', 'Einstein', 'Physics', '130000');
INSERT INTO instructor VALUES ('32343', 'El Said', 'History', '70000');
INSERT INTO instructor VALUES ('33456', 'Gold', 'Physics', '90000');
INSERT INTO instructor VALUES ('45565', 'Katz', 'Computer Science', '120000');
INSERT INTO instructor VALUES ('58583', 'Califieri', 'History', '130000');
INSERT INTO instructor VALUES ('76544', 'Singh', 'Finance', '95000');
INSERT INTO instructor VALUES ('76766', 'Crick', 'Biology', '85000');
INSERT INTO instructor VALUES ('83821', 'Brandt', 'Computer Science', '120000');
INSERT INTO instructor VALUES ('98345', 'Kim', 'Electrical Engineering', '45000');
INSERT INTO instructor VALUES ('42673', 'Suh', 'Data Science', '68000');
INSERT INTO instructor VALUES ('87634', 'Jung', 'AI', '87000');
INSERT INTO instructor VALUES ('34567', 'Young', 'Computer Science', '250000');

INSERT INTO section VALUES ('BIO-101', '1', 'Summer', '2021');
INSERT INTO section VALUES ('BIO-301', '1', 'Summer', '2022');
INSERT INTO section VALUES ('BIO-399', '1', 'Fall', '2022');
INSERT INTO section VALUES ('CS-101', '1', 'Fall', '2021');
INSERT INTO section VALUES ('CS-101', '1', 'Spring', '2022');
INSERT INTO section VALUES ('CS-101','1', 'Fall', '2022'); 
INSERT INTO section VALUES ('CS-201', '1', 'Fall', '2022');
INSERT INTO section VALUES ('CS-190', '1', 'Spring', '2021');
INSERT INTO section VALUES ('CS-190', '2', 'Spring', '2021');
INSERT INTO section VALUES ('CS-315', '1', 'Spring', '2022');
INSERT INTO section VALUES ('CS-315', '1', 'Fall', '2022');
INSERT INTO section VALUES ('CS-319', '1', 'Spring', '2022');
INSERT INTO section VALUES ('CS-319', '2', 'Spring', '2022');
INSERT INTO section VALUES ('CS-319','1', 'Fall', '2022');
INSERT INTO section VALUES ('CS-319','2', 'Fall', '2022');
INSERT INTO section VALUES ('CS-347', '1', 'Fall', '2021');
INSERT INTO section VALUES ('EE-181', '1', 'Spring', '2021');
INSERT INTO section VALUES ('EE-181', '1', 'Fall', '2022');
INSERT INTO section VALUES ('FIN-201', '1', 'Spring', '2022');
INSERT INTO section VALUES ('HIS-351', '1', 'Spring', '2022');
INSERT INTO section VALUES ('MU-199', '1', 'Spring', '2022');
INSERT INTO section VALUES ('PHY-101', '1', 'Fall', '2021');
INSERT INTO section VALUES ('DS-201', '1', 'Fall', '2022');
INSERT INTO section VALUES ('DS-201', '2', 'Fall', '2022');
INSERT INTO section VALUES ('AI-101', '1', 'Fall', '2022');
INSERT INTO section VALUES ('AI-101', '2', 'Fall', '2022');
INSERT INTO section VALUES ('CS-202', '1', 'Spring', '2022');
INSERT INTO section VALUES ('CS-202', '1', 'Fall', '2022');

INSERT INTO teaches VALUES ('10101', 'CS-101', '1', 'Fall', '2021'); 
INSERT INTO teaches VALUES ('10101', 'CS-201', '1', 'Fall', '2022');
INSERT INTO teaches VALUES ('10101', 'CS-202', '1', 'Spring', '2022');
INSERT INTO teaches VALUES ('10101', 'CS-315', '1', 'Spring', '2022'); 
INSERT INTO teaches VALUES ('10101', 'CS-315', '1', 'Fall', '2022');
INSERT INTO teaches VALUES ('10101', 'CS-347', '1', 'Fall', '2021');
INSERT INTO teaches VALUES ('12121', 'FIN-201', '1', 'Spring', '2022');
INSERT INTO teaches VALUES ('15151', 'MU-199', '1', 'Spring', '2022');
INSERT INTO teaches VALUES ('22222', 'PHY-101', '1', 'Fall', '2021');
INSERT INTO teaches VALUES ('32343', 'HIS-351', '1', 'Spring', '2022');
INSERT INTO teaches VALUES ('45565', 'CS-101', '1', 'Spring', '2022');
INSERT INTO teaches VALUES ('45565', 'CS-319', '1', 'Spring', '2022'); 
INSERT INTO teaches VALUES ('45565', 'CS-319', '1', 'Fall', '2022'); 
INSERT into teaches values ('45565', 'CS-101', '1', 'Fall', '2022');
INSERT INTO teaches VALUES ('83821', 'CS-319', '2', 'Fall', '2022');
INSERT INTO teaches VALUES ('76766', 'BIO-101', '1', 'Summer', '2021');
INSERT INTO teaches VALUES ('76766', 'BIO-301', '1', 'Summer', '2022');
INSERT INTO teaches VALUES ('76766', 'BIO-399', '1', 'Fall', '2022');
INSERT INTO teaches VALUES ('83821', 'CS-190', '1', 'Spring', '2021');
INSERT INTO teaches VALUES ('83821', 'CS-190', '2', 'Spring', '2021');
INSERT INTO teaches VALUES ('83821', 'CS-319', '2', 'Spring', '2022');
INSERT INTO teaches VALUES ('98345', 'EE-181', '1', 'Spring', '2021');
INSERT INTO teaches VALUES ('98345', 'EE-181', '1', 'Fall', '2022');
INSERT INTO teaches VALUES ('87634', 'DS-201', '1', 'Fall', '2022'); 
INSERT INTO teaches VALUES ('87634', 'DS-201', '2', 'Fall', '2022'); 
INSERT INTO teaches VALUES ('42673', 'AI-101', '1', 'Fall', '2022'); 
INSERT INTO teaches VALUES ('42673', 'AI-101', '2', 'Fall', '2022'); 
INSERT INTO teaches VALUES ('34567', 'CS-202', '1', 'Fall', '2022'); 

INSERT INTO student VALUES ('00128', 'Zhang', 'Computer Science', '102');
INSERT INTO student VALUES ('12345', 'Shankar', 'Computer Science', '32');
INSERT INTO student VALUES ('19991', 'Brandt', 'History', '80');
INSERT INTO student VALUES ('23121', 'Chavez', 'Finance', '120');
INSERT INTO student VALUES ('44553', 'Peltier', 'Physics', '56');
INSERT INTO student VALUES ('45678', 'Levy', 'Physics', '46');
INSERT INTO student VALUES ('54321', 'Williams', 'Computer Science', '54');
INSERT INTO student VALUES ('55739', 'Rachel', 'Music', '38');
INSERT INTO student VALUES ('70557', 'Snow', 'Physics', '0');
INSERT INTO student VALUES ('76543', 'Brown', 'Computer Science', '58');
INSERT INTO student VALUES ('76653', 'Aoi', 'Electrical Engineering', '60');
INSERT INTO student VALUES ('98765', 'Bourikas', 'Electrical Engineering', '98');
INSERT INTO student VALUES ('98988', 'Tanaka', 'Biology', '117');
INSERT INTO student VALUES ('12347', 'Joon', 'AI', '83');
INSERT INTO student VALUES ('64325', 'Minjoong', 'Data Science', '93');
INSERT INTO student VALUES ('34124', 'Hyunjoon', 'Computer Science', '100');
INSERT INTO student VALUES ('23456', 'Youngeun', 'Computer Science', '125');
INSERT INTO student VALUES ('96723', 'Harin', 'AI', '130');

INSERT INTO takes VALUES ('00128', 'CS-101', '1', 'Fall', '2021', 'A0');
INSERT INTO takes VALUES ('00128', 'CS-347', '1', 'Fall', '2021', 'A-');
INSERT INTO takes VALUES ('19991', 'CS-101', '1', 'Spring', '2022', 'B+');
INSERT INTO takes VALUES ('19991', 'HIS-351', '1', 'Spring', '2022', 'B0');
INSERT INTO takes VALUES ('23121', 'FIN-201', '1', 'Spring', '2022', 'C+');
INSERT INTO takes VALUES ('44553', 'PHY-101', '1', 'Fall', '2021', 'B-');
INSERT INTO takes VALUES ('45678', 'CS-101', '1', 'Fall', '2021', 'D+');
INSERT INTO takes VALUES ('45678', 'BIO-301', '1', 'Summer', '2022', 'C+');
INSERT INTO takes VALUES ('45678', 'CS-101', '1', 'Spring', '2022', 'B+');
INSERT INTO takes VALUES ('45678', 'CS-319', '1', 'Spring', '2022', 'B0');
INSERT INTO takes VALUES ('12345', 'BIO-101', '1', 'Summer', '2021', 'B-');
INSERT INTO takes VALUES ('12345', 'CS-101', '1', 'Fall', '2021', 'C-');
INSERT INTO takes VALUES ('12345', 'CS-190', '2', 'Spring', '2021', 'A-');
INSERT INTO takes VALUES ('12345', 'CS-315', '1', 'Spring', '2022', 'A+');
INSERT INTO takes VALUES ('12345', 'CS-319', '1', 'Spring', '2022', 'A0');
INSERT INTO takes VALUES ('12345', 'CS-347', '1', 'Fall', '2021', 'A-');
INSERT INTO takes VALUES ('54321', 'CS-101', '1', 'Fall', '2021', 'A+');
INSERT INTO takes VALUES ('54321', 'BIO-399', '1', 'Fall', '2022', 'D+');
INSERT INTO takes VALUES ('54321', 'CS-190', '2', 'Spring', '2021', 'B+');
INSERT INTO takes VALUES ('55739', 'MU-199', '1', 'Spring', '2022', 'A-');
INSERT INTO takes VALUES ('76543', 'CS-101', '1', 'Fall', '2021', 'A0');
INSERT INTO takes VALUES ('76543', 'CS-319', '2', 'Spring', '2022', 'A-');
INSERT INTO takes VALUES ('76653', 'EE-181', '1', 'Spring', '2021', 'C-');
INSERT INTO takes VALUES ('98765', 'CS-101', '1', 'Fall', '2021', 'C-');
INSERT INTO takes VALUES ('98765', 'CS-315', '1', 'Spring', '2022', 'B-');
INSERT INTO takes VALUES ('98988', 'BIO-101', '1', 'Summer', '2021', 'A+');
INSERT INTO takes VALUES ('98988', 'BIO-301', '1', 'Summer', '2022', 'C+');
INSERT INTO takes VALUES ('98988', 'BIO-399', '1', 'Fall', '2022', 'B0');
INSERT INTO takes VALUES ('12347', 'DS-201', '1', 'Fall', '2022', 'B+');
INSERT INTO takes VALUES ('64325', 'DS-201', '2', 'Fall', '2022', 'A+');
INSERT INTO takes VALUES ('34124', 'DS-201', '1', 'Fall', '2022', 'A0');
INSERT INTO takes VALUES ('12347', 'AI-101', '2', 'Fall', '2022', 'A+');
INSERT INTO takes VALUES ('64325', 'AI-101', '1', 'Fall', '2022', 'A-');
INSERT INTO takes VALUES ('34124', 'AI-101', '1', 'Fall', '2022', 'A+');
INSERT INTO takes VALUES ('12347', 'CS-202', '1', 'Spring', '2022', 'A-');
INSERT INTO takes VALUES ('64325', 'CS-202', '1', 'Spring', '2022', 'A+');
INSERT INTO takes VALUES ('34124', 'CS-202', '1', 'Spring', '2022', 'A+');
INSERT INTO takes VALUES ('23456', 'CS-202', '1', 'Fall', '2022', 'B+');
INSERT INTO takes VALUES ('96723', 'CS-202', '1', 'Fall', '2022', 'A0');


INSERT INTO prereq VALUES ('BIO-301', 'BIO-101');
INSERT INTO prereq VALUES ('CS-347', 'CS-301');
INSERT INTO prereq VALUES ('CS-301', 'CS-201'); 
INSERT INTO prereq VALUES ('CS-201', 'CS-101'); 
INSERT INTO prereq VALUES ('BIO-399', 'BIO-101');
INSERT INTO prereq VALUES ('CS-190', 'CS-101'); 
INSERT INTO prereq VALUES ('CS-315', 'CS-101');
INSERT INTO prereq VALUES ('CS-319', 'CS-101');
INSERT INTO prereq VALUES ('EE-181', 'PHY-101');
INSERT INTO prereq VALUES ('DS-101', 'CS-101');
INSERT INTO prereq VALUES ('AI-101', 'CS-101');
INSERT INTO prereq VALUES ('AI-401', 'CS-101');
INSERT INTO prereq VALUES ('AI-101', 'CS-202');
INSERT INTO prereq VALUES ('AI-401', 'CS-202');
INSERT INTO prereq VALUES ('DS-301', 'CS-202');
INSERT INTO prereq VALUES ('DS-301', 'DS-101');
INSERT INTO prereq VALUES ('AI-402', 'AI-401');

-- Reflect all these changes permanently by commit
Commit;
